0,bottom.csv,250,0.0359
0,left.csv,250,0.0405
0,right.csv,250,0.0341
0,top.csv,250,0.0374
45,bottom.csv,250,0.0241
45,left.csv,250,0.0275
45,right.csv,250,0.022
45,top.csv,250,0.025
0,bottom.csv,252,0.0444
0,left.csv,252,0.049
0,right.csv,252,0.0414
0,top.csv,252,0.0459
45,bottom.csv,252,0.0288
45,left.csv,252,0.0322
45,right.csv,252,0.0261
45,top.csv,252,0.0294
0,bottom.csv,254,0.0503
0,left.csv,254,0.0536
0,right.csv,254,0.0454
0,top.csv,254,0.0507
45,bottom.csv,254,0.0338
45,left.csv,254,0.0381
45,right.csv,254,0.0314
45,top.csv,254,0.0353
0,bottom.csv,256,0.055
0,left.csv,256,0.06
0,right.csv,256,0.0509
0,top.csv,256,0.056
45,bottom.csv,256,0.0432
45,left.csv,256,0.0491
45,right.csv,256,0.0405
45,top.csv,256,0.0456
0,bottom.csv,258,0.0667
0,left.csv,258,0.0749
0,right.csv,258,0.0643
0,top.csv,258,0.0694
45,bottom.csv,258,0.054
45,left.csv,258,0.0597
45,right.csv,258,0.0494
45,top.csv,258,0.0555
0,bottom.csv,260,0.0813
0,left.csv,260,0.0877
0,right.csv,260,0.0785
0,top.csv,260,0.0841
45,bottom.csv,260,0.0633
45,left.csv,260,0.07
45,right.csv,260,0.0589
45,top.csv,260,0.0657
0,bottom.csv,262,0.0891
0,left.csv,262,0.094
0,right.csv,262,0.0862
0,top.csv,262,0.0925
45,bottom.csv,262,0.0805
45,left.csv,262,0.091
45,right.csv,262,0.0776
45,top.csv,262,0.086
0,bottom.csv,264,0.0982
0,left.csv,264,0.1077
0,right.csv,264,0.0965
0,top.csv,264,0.1043
45,bottom.csv,264,0.1095
45,left.csv,264,0.123
45,right.csv,264,0.1048
45,top.csv,264,0.116
0,bottom.csv,266,0.1225
0,left.csv,266,0.1414
0,right.csv,266,0.1218
0,top.csv,266,0.1319
45,bottom.csv,266,0.1407
45,left.csv,266,0.1553
45,right.csv,266,0.1325
45,top.csv,266,0.1461
0,bottom.csv,268,0.1714
0,left.csv,268,0.1985
0,right.csv,268,0.1691
0,top.csv,268,0.182
45,bottom.csv,268,0.1706
45,left.csv,268,0.1861
45,right.csv,268,0.1594
45,top.csv,268,0.1753
0,bottom.csv,270,0.2255
0,left.csv,270,0.2454
0,right.csv,270,0.2159
0,top.csv,270,0.2329
45,bottom.csv,270,0.1976
45,left.csv,270,0.213
45,right.csv,270,0.1834
45,top.csv,270,0.2009
0,bottom.csv,272,0.2485
0,left.csv,272,0.2623
0,right.csv,272,0.238
0,top.csv,272,0.2553
45,bottom.csv,272,0.2215
45,left.csv,272,0.2385
45,right.csv,272,0.2072
45,top.csv,272,0.2262
0,bottom.csv,274,0.2703
0,left.csv,274,0.2926
0,right.csv,274,0.2654
0,top.csv,274,0.2796
45,bottom.csv,274,0.2534
45,left.csv,274,0.2745
45,right.csv,274,0.241
45,top.csv,274,0.2617
0,bottom.csv,276,0.3132
0,left.csv,276,0.3319
0,right.csv,276,0.3042
0,top.csv,276,0.3211
45,bottom.csv,276,0.2952
45,left.csv,276,0.3178
45,right.csv,276,0.2815
45,top.csv,276,0.3036
0,bottom.csv,278,0.3237
0,left.csv,278,0.3271
0,right.csv,278,0.3074
0,top.csv,278,0.3285
45,bottom.csv,278,0.3361
45,left.csv,278,0.3579
45,right.csv,278,0.32
45,top.csv,278,0.3428
0,bottom.csv,280,0.3094
0,left.csv,280,0.3197
0,right.csv,280,0.299
0,top.csv,280,0.315
45,bottom.csv,280,0.3761
45,left.csv,280,0.3996
45,right.csv,280,0.36
45,top.csv,280,0.3842
0,bottom.csv,282,0.3415
0,left.csv,282,0.3748
0,right.csv,282,0.3411
0,top.csv,282,0.35
45,bottom.csv,282,0.4205
45,left.csv,282,0.4461
45,right.csv,282,0.4029
45,top.csv,282,0.4298
0,bottom.csv,284,0.4348
0,left.csv,284,0.4762
0,right.csv,284,0.4325
0,top.csv,284,0.4431
45,bottom.csv,284,0.4624
45,left.csv,284,0.4886
45,right.csv,284,0.442
45,top.csv,284,0.4716
0,bottom.csv,286,0.5163
0,left.csv,286,0.5426
0,right.csv,286,0.5018
0,top.csv,286,0.5217
45,bottom.csv,286,0.4994
45,left.csv,286,0.5265
45,right.csv,286,0.4785
45,top.csv,286,0.5095
0,bottom.csv,288,0.5555
0,left.csv,288,0.5806
0,right.csv,288,0.5388
0,top.csv,288,0.5609
45,bottom.csv,288,0.5343
45,left.csv,288,0.5604
45,right.csv,288,0.5127
45,top.csv,288,0.5431
0,bottom.csv,290,0.6001
0,left.csv,290,0.628
0,right.csv,290,0.5845
0,top.csv,290,0.6063
45,bottom.csv,290,0.5591
45,left.csv,290,0.5802
45,right.csv,290,0.5352
45,top.csv,290,0.5627
0,bottom.csv,292,0.6309
0,left.csv,292,0.6454
0,right.csv,292,0.6106
0,top.csv,292,0.6371
45,bottom.csv,292,0.5717
45,left.csv,292,0.591
45,right.csv,292,0.5501
45,top.csv,292,0.5754
0,bottom.csv,294,0.6183
0,left.csv,294,0.6276
0,right.csv,294,0.5973
0,top.csv,294,0.6246
45,bottom.csv,294,0.5912
45,left.csv,294,0.6162
45,right.csv,294,0.5781
45,top.csv,294,0.6026
0,bottom.csv,296,0.6144
0,left.csv,296,0.6375
0,right.csv,296,0.5998
0,top.csv,296,0.6211
45,bottom.csv,296,0.6336
45,left.csv,296,0.6633
45,right.csv,296,0.6257
45,top.csv,296,0.6505
0,bottom.csv,298,0.6569
0,left.csv,298,0.6895
0,right.csv,298,0.6455
0,top.csv,298,0.6628
45,bottom.csv,298,0.6837
45,left.csv,298,0.7109
45,right.csv,298,0.6714
45,top.csv,298,0.6974
0,bottom.csv,300,0.7102
0,left.csv,300,0.7333
0,right.csv,300,0.6943
0,top.csv,300,0.7128
45,bottom.csv,300,0.7173
45,left.csv,300,0.7396
45,right.csv,300,0.6999
45,top.csv,300,0.7255
0,bottom.csv,302,0.7324
0,left.csv,302,0.7448
0,right.csv,302,0.7111
0,top.csv,302,0.7313
45,bottom.csv,302,0.7378
45,left.csv,302,0.7589
45,right.csv,302,0.7205
45,top.csv,302,0.7456
0,bottom.csv,304,0.7391
0,left.csv,304,0.752
0,right.csv,304,0.7175
0,top.csv,304,0.7362
45,bottom.csv,304,0.7593
45,left.csv,304,0.781
45,right.csv,304,0.7441
45,top.csv,304,0.7688
0,bottom.csv,306,0.7531
0,left.csv,306,0.7692
0,right.csv,306,0.7353
0,top.csv,306,0.7528
45,bottom.csv,306,0.7799
45,left.csv,306,0.7988
45,right.csv,306,0.7615
45,top.csv,306,0.7863
0,bottom.csv,308,0.7678
0,left.csv,308,0.7857
0,right.csv,308,0.7573
0,top.csv,308,0.7745
45,bottom.csv,308,0.7864
45,left.csv,308,0.8014
45,right.csv,308,0.7645
45,top.csv,308,0.7895
0,bottom.csv,310,0.7809
0,left.csv,310,0.8029
0,right.csv,310,0.7772
0,top.csv,310,0.793
45,bottom.csv,310,0.7846
45,left.csv,310,0.7998
45,right.csv,310,0.7648
45,top.csv,310,0.7896
0,bottom.csv,312,0.8033
0,left.csv,312,0.8267
0,right.csv,312,0.8011
0,top.csv,312,0.8148
45,bottom.csv,312,0.7915
45,left.csv,312,0.8102
45,right.csv,312,0.7785
45,top.csv,312,0.8024
0,bottom.csv,314,0.8247
0,left.csv,314,0.8394
0,right.csv,314,0.8184
0,top.csv,314,0.8327
45,bottom.csv,314,0.8125
45,left.csv,314,0.8335
45,right.csv,314,0.804
45,top.csv,314,0.8259
0,bottom.csv,316,0.8195
0,left.csv,316,0.8232
0,right.csv,316,0.8104
0,top.csv,316,0.8258
45,bottom.csv,316,0.8367
45,left.csv,316,0.8547
45,right.csv,316,0.8264
45,top.csv,316,0.846
0,bottom.csv,318,0.7962
0,left.csv,318,0.8039
0,right.csv,318,0.7914
0,top.csv,318,0.8038
45,bottom.csv,318,0.8498
45,left.csv,318,0.8645
45,right.csv,318,0.8367
45,top.csv,318,0.8552
0,bottom.csv,320,0.7939
0,left.csv,320,0.8134
0,right.csv,320,0.7938
0,top.csv,320,0.8013
45,bottom.csv,320,0.8512
45,left.csv,320,0.8649
45,right.csv,320,0.839
45,top.csv,320,0.8564
0,bottom.csv,322,0.8252
0,left.csv,322,0.8514
0,right.csv,322,0.8249
0,top.csv,322,0.8308
45,bottom.csv,322,0.8576
45,left.csv,322,0.8725
45,right.csv,322,0.8477
45,top.csv,322,0.8646
0,bottom.csv,324,0.863
0,left.csv,324,0.879
0,right.csv,324,0.8562
0,top.csv,324,0.8663
45,bottom.csv,324,0.8673
45,left.csv,324,0.8808
45,right.csv,324,0.8567
45,top.csv,324,0.8734
0,bottom.csv,326,0.8669
0,left.csv,326,0.8715
0,right.csv,326,0.8565
0,top.csv,326,0.8715
45,bottom.csv,326,0.8717
45,left.csv,326,0.8815
45,right.csv,326,0.8567
45,top.csv,326,0.873
0,bottom.csv,328,0.8473
0,left.csv,328,0.8544
0,right.csv,328,0.8406
0,top.csv,328,0.855
45,bottom.csv,328,0.8646
45,left.csv,328,0.8722
45,right.csv,328,0.8481
45,top.csv,328,0.8644
0,bottom.csv,330,0.8422
0,left.csv,330,0.8593
0,right.csv,330,0.8412
0,top.csv,330,0.852
45,bottom.csv,330,0.8553
45,left.csv,330,0.8637
45,right.csv,330,0.8409
45,top.csv,330,0.8572
0,bottom.csv,332,0.8598
0,left.csv,332,0.8774
0,right.csv,332,0.8583
0,top.csv,332,0.8683
45,bottom.csv,332,0.853
45,left.csv,332,0.8645
45,right.csv,332,0.8432
45,top.csv,332,0.8594
0,bottom.csv,334,0.8686
0,left.csv,334,0.8722
0,right.csv,334,0.8604
0,top.csv,334,0.8739
45,bottom.csv,334,0.8619
45,left.csv,334,0.8753
45,right.csv,334,0.8551
45,top.csv,334,0.8708
0,bottom.csv,336,0.8406
0,left.csv,336,0.8333
0,right.csv,336,0.8281
0,top.csv,336,0.8445
45,bottom.csv,336,0.8758
45,left.csv,336,0.8884
45,right.csv,336,0.8685
45,top.csv,336,0.8831
0,bottom.csv,338,0.7975
0,left.csv,338,0.7952
0,right.csv,338,0.788
0,top.csv,338,0.8023
45,bottom.csv,338,0.8856
45,left.csv,338,0.8954
45,right.csv,338,0.8764
45,top.csv,338,0.8896
0,bottom.csv,340,0.7798
0,left.csv,340,0.7935
0,right.csv,340,0.7771
0,top.csv,340,0.7863
45,bottom.csv,340,0.8883
45,left.csv,340,0.8957
45,right.csv,340,0.8773
45,top.csv,340,0.8899
0,bottom.csv,342,0.804
0,left.csv,342,0.8303
0,right.csv,342,0.8054
0,top.csv,342,0.8097
45,bottom.csv,342,0.8872
45,left.csv,342,0.8935
45,right.csv,342,0.8763
45,top.csv,342,0.8878
0,bottom.csv,344,0.8537
0,left.csv,344,0.8791
0,right.csv,344,0.8538
0,top.csv,344,0.8577
45,bottom.csv,344,0.8865
45,left.csv,344,0.8929
45,right.csv,344,0.8767
45,top.csv,344,0.8879
0,bottom.csv,346,0.8917
0,left.csv,346,0.9045
0,right.csv,346,0.8866
0,top.csv,346,0.8938
45,bottom.csv,346,0.8878
45,left.csv,346,0.8958
45,right.csv,346,0.8793
45,top.csv,346,0.8913
0,bottom.csv,348,0.8966
0,left.csv,348,0.9004
0,right.csv,348,0.8886
0,top.csv,348,0.8988
45,bottom.csv,348,0.8917
45,left.csv,348,0.9011
45,right.csv,348,0.8841
45,top.csv,348,0.8962
0,bottom.csv,350,0.8864
0,left.csv,350,0.8916
0,right.csv,350,0.8791
0,top.csv,350,0.8888
45,bottom.csv,350,0.8973
45,left.csv,350,0.9076
45,right.csv,350,0.8909
45,top.csv,350,0.9029
0,bottom.csv,352,0.886
0,left.csv,352,0.8977
0,right.csv,352,0.8819
0,top.csv,352,0.8891
45,bottom.csv,352,0.9041
45,left.csv,352,0.9149
45,right.csv,352,0.8985
45,top.csv,352,0.9102
0,bottom.csv,354,0.8985
0,left.csv,354,0.9098
0,right.csv,354,0.8948
0,top.csv,354,0.9012
45,bottom.csv,354,0.911
45,left.csv,354,0.9197
45,right.csv,354,0.9045
45,top.csv,354,0.9149
0,bottom.csv,356,0.904
0,left.csv,356,0.9051
0,right.csv,356,0.8968
0,top.csv,356,0.9062
45,bottom.csv,356,0.9142
45,left.csv,356,0.9204
45,right.csv,356,0.9065
45,top.csv,356,0.9159
0,bottom.csv,358,0.8835
0,left.csv,358,0.8746
0,right.csv,358,0.8725
0,top.csv,358,0.8849
45,bottom.csv,358,0.9131
45,left.csv,358,0.9176
45,right.csv,358,0.9045
45,top.csv,358,0.913
0,bottom.csv,360,0.846
0,left.csv,360,0.8368
0,right.csv,360,0.8353
0,top.csv,360,0.8474
45,bottom.csv,360,0.91
45,left.csv,360,0.915
45,right.csv,360,0.9019
45,top.csv,360,0.9107
0,bottom.csv,362,0.817
0,left.csv,362,0.8165
0,right.csv,362,0.8093
0,top.csv,362,0.8184
45,bottom.csv,362,0.9091
45,left.csv,362,0.9152
45,right.csv,362,0.9027
45,top.csv,362,0.912
0,bottom.csv,364,0.8131
0,left.csv,364,0.8233
0,right.csv,364,0.8095
0,top.csv,364,0.8147
45,bottom.csv,364,0.9118
45,left.csv,364,0.9193
45,right.csv,364,0.9079
45,top.csv,364,0.9163
0,bottom.csv,366,0.8355
0,left.csv,366,0.8526
0,right.csv,366,0.8343
0,top.csv,366,0.8369
45,bottom.csv,366,0.9174
45,left.csv,366,0.9221
45,right.csv,366,0.9125
45,top.csv,366,0.9198
0,bottom.csv,368,0.8686
0,left.csv,368,0.883
0,right.csv,368,0.8663
0,top.csv,368,0.869
45,bottom.csv,368,0.9189
45,left.csv,368,0.92
45,right.csv,368,0.9113
45,top.csv,368,0.9172
0,bottom.csv,370,0.8916
0,left.csv,370,0.8966
0,right.csv,370,0.8847
0,top.csv,370,0.8899
45,bottom.csv,370,0.9138
45,left.csv,370,0.9123
45,right.csv,370,0.9046
45,top.csv,370,0.9096
0,bottom.csv,372,0.8938
0,left.csv,372,0.89
0,right.csv,372,0.8829
0,top.csv,372,0.8902
45,bottom.csv,372,0.9055
45,left.csv,372,0.9044
45,right.csv,372,0.8968
45,top.csv,372,0.9018
0,bottom.csv,374,0.8819
0,left.csv,374,0.8756
0,right.csv,374,0.8692
0,top.csv,374,0.8763
45,bottom.csv,374,0.8994
45,left.csv,374,0.9019
45,right.csv,374,0.8941
45,top.csv,374,0.8999
0,bottom.csv,376,0.8716
0,left.csv,376,0.8683
0,right.csv,376,0.86
0,top.csv,376,0.8653
45,bottom.csv,376,0.901
45,left.csv,376,0.907
45,right.csv,376,0.8986
45,top.csv,376,0.9054
0,bottom.csv,378,0.8718
0,left.csv,378,0.8744
0,right.csv,378,0.8632
0,top.csv,378,0.8669
45,bottom.csv,378,0.9091
45,left.csv,378,0.9137
45,right.csv,378,0.9067
45,top.csv,378,0.913
0,bottom.csv,380,0.8846
0,left.csv,380,0.8912
0,right.csv,380,0.8795
0,top.csv,380,0.8814
45,bottom.csv,380,0.9141
45,left.csv,380,0.9151
45,right.csv,380,0.9093
45,top.csv,380,0.9143
0,bottom.csv,382,0.9018
0,left.csv,382,0.9095
0,right.csv,382,0.9004
0,top.csv,382,0.902
45,bottom.csv,382,0.9109
45,left.csv,382,0.9076
45,right.csv,382,0.9026
45,top.csv,382,0.9066
0,bottom.csv,384,0.916
0,left.csv,384,0.9229
0,right.csv,384,0.9172
0,top.csv,384,0.9188
45,bottom.csv,384,0.8994
45,left.csv,384,0.8947
45,right.csv,384,0.8898
45,top.csv,384,0.8937
0,bottom.csv,386,0.9254
0,left.csv,386,0.9293
0,right.csv,386,0.9251
0,top.csv,386,0.9276
45,bottom.csv,386,0.8862
45,left.csv,386,0.8839
45,right.csv,386,0.8792
45,top.csv,386,0.8844
0,bottom.csv,388,0.9291
0,left.csv,388,0.9303
0,right.csv,388,0.9267
0,top.csv,388,0.9297
45,bottom.csv,388,0.8808
45,left.csv,388,0.8831
45,right.csv,388,0.8778
45,top.csv,388,0.8842
0,bottom.csv,390,0.93
0,left.csv,390,0.9289
0,right.csv,390,0.9259
0,top.csv,390,0.9286
45,bottom.csv,390,0.885
45,left.csv,390,0.8915
45,right.csv,390,0.8863
45,top.csv,390,0.8932
0,bottom.csv,392,0.9291
0,left.csv,392,0.9276
0,right.csv,392,0.9249
0,top.csv,392,0.9275
45,bottom.csv,392,0.8965
45,left.csv,392,0.9028
45,right.csv,392,0.8992
45,top.csv,392,0.9042
0,bottom.csv,394,0.9279
0,left.csv,394,0.927
0,right.csv,394,0.9252
0,top.csv,394,0.9273
45,bottom.csv,394,0.9059
45,left.csv,394,0.9023
45,right.csv,394,0.9036
45,top.csv,394,0.9015
0,bottom.csv,396,0.9263
0,left.csv,396,0.9267
0,right.csv,396,0.9264
0,top.csv,396,0.9283
45,bottom.csv,396,0.8938
45,left.csv,396,0.8684
45,right.csv,396,0.8789
45,top.csv,396,0.864
0,bottom.csv,398,0.9255
0,left.csv,398,0.9266
0,right.csv,398,0.927
0,top.csv,398,0.9284
45,bottom.csv,398,0.8466
45,left.csv,398,0.8046
45,right.csv,398,0.8213
45,top.csv,398,0.7981
0,bottom.csv,400,0.9258
0,left.csv,400,0.9254
0,right.csv,400,0.9258
0,top.csv,400,0.9273
45,bottom.csv,400,0.7797
45,left.csv,400,0.7375
45,right.csv,400,0.7535
45,top.csv,400,0.7318
0,bottom.csv,402,0.9252
0,left.csv,402,0.9213
0,right.csv,402,0.9212
0,top.csv,402,0.9233
45,bottom.csv,402,0.7202
45,left.csv,402,0.6994
45,right.csv,402,0.7058
45,top.csv,402,0.6968
0,bottom.csv,404,0.9208
0,left.csv,404,0.9133
0,right.csv,404,0.9132
0,top.csv,404,0.9158
45,bottom.csv,404,0.6965
45,left.csv,404,0.6929
45,right.csv,404,0.6923
45,top.csv,404,0.6921
0,bottom.csv,406,0.9129
0,left.csv,406,0.9036
0,right.csv,406,0.9038
0,top.csv,406,0.9063
45,bottom.csv,406,0.6872
45,left.csv,406,0.6599
45,right.csv,406,0.668
45,top.csv,406,0.6584
0,bottom.csv,408,0.9037
0,left.csv,408,0.8971
0,right.csv,408,0.8976
0,top.csv,408,0.8991
45,bottom.csv,408,0.6242
45,left.csv,408,0.5447
45,right.csv,408,0.5714
45,top.csv,408,0.5425
0,bottom.csv,410,0.8989
0,left.csv,410,0.8981
0,right.csv,410,0.8977
0,top.csv,410,0.8981
45,bottom.csv,410,0.4808
45,left.csv,410,0.3701
45,right.csv,410,0.4078
45,top.csv,410,0.369
0,bottom.csv,412,0.9023
0,left.csv,412,0.9075
0,right.csv,412,0.9061
0,top.csv,412,0.9055
45,bottom.csv,412,0.304
45,left.csv,412,0.2119
45,right.csv,412,0.2431
45,top.csv,412,0.2126
0,bottom.csv,414,0.9137
0,left.csv,414,0.9204
0,right.csv,414,0.9189
0,top.csv,414,0.9179
45,bottom.csv,414,0.1669
45,left.csv,414,0.1137
45,right.csv,414,0.1324
45,top.csv,414,0.1152
0,bottom.csv,416,0.9252
0,left.csv,416,0.9261
0,right.csv,416,0.9277
0,top.csv,416,0.9274
45,bottom.csv,416,0.0909
45,left.csv,416,0.0641
45,right.csv,416,0.0744
45,top.csv,416,0.0657
0,bottom.csv,418,0.9265
0,left.csv,418,0.9161
0,right.csv,418,0.9229
0,top.csv,418,0.9241
45,bottom.csv,418,0.0537
45,left.csv,418,0.0398
45,right.csv,418,0.0457
45,top.csv,418,0.0412
0,bottom.csv,420,0.9109
0,left.csv,420,0.8915
0,right.csv,420,0.9026
0,top.csv,420,0.9054
45,bottom.csv,420,0.0349
45,left.csv,420,0.0272
45,right.csv,420,0.0309
45,top.csv,420,0.0284
0,bottom.csv,422,0.8824
0,left.csv,422,0.8625
0,right.csv,422,0.8756
0,top.csv,422,0.8778
45,bottom.csv,422,0.0248
45,left.csv,422,0.0202
45,right.csv,422,0.0227
45,top.csv,422,0.0212
0,bottom.csv,424,0.8547
0,left.csv,424,0.8444
0,right.csv,424,0.8541
0,top.csv,424,0.8549
45,bottom.csv,424,0.019
45,left.csv,424,0.0161
45,right.csv,424,0.018
45,top.csv,424,0.017
0,bottom.csv,426,0.8429
0,left.csv,426,0.8481
0,right.csv,426,0.8515
0,top.csv,426,0.8494
45,bottom.csv,426,0.0156
45,left.csv,426,0.0137
45,right.csv,426,0.0152
45,top.csv,426,0.0146
0,bottom.csv,428,0.8545
0,left.csv,428,0.8727
0,right.csv,428,0.8701
0,top.csv,428,0.8659
45,bottom.csv,428,0.0137
45,left.csv,428,0.0124
45,right.csv,428,0.0138
45,top.csv,428,0.0133
0,bottom.csv,430,0.8843
0,left.csv,430,0.9052
0,right.csv,430,0.9007
0,top.csv,430,0.8962
45,bottom.csv,430,0.0128
45,left.csv,430,0.0119
45,right.csv,430,0.0132
45,top.csv,430,0.0129
0,bottom.csv,432,0.9157
0,left.csv,432,0.9229
0,right.csv,432,0.9241
0,top.csv,432,0.9213
45,bottom.csv,432,0.0126
45,left.csv,432,0.0121
45,right.csv,432,0.0134
45,top.csv,432,0.0132
0,bottom.csv,434,0.9246
0,left.csv,434,0.9104
0,right.csv,434,0.9216
0,top.csv,434,0.9214
45,bottom.csv,434,0.0132
45,left.csv,434,0.013
45,right.csv,434,0.0143
45,top.csv,434,0.0143
0,bottom.csv,436,0.9023
0,left.csv,436,0.8801
0,right.csv,436,0.8944
0,top.csv,436,0.8959
45,bottom.csv,436,0.0145
45,left.csv,436,0.0147
45,right.csv,436,0.0161
45,top.csv,436,0.0161
0,bottom.csv,438,0.8715
0,left.csv,438,0.8653
0,right.csv,438,0.8705
0,top.csv,438,0.8708
45,bottom.csv,438,0.0166
45,left.csv,438,0.0173
45,right.csv,438,0.0189
45,top.csv,438,0.0191
0,bottom.csv,440,0.8663
0,left.csv,440,0.8829
0,right.csv,440,0.8765
0,top.csv,440,0.8743
45,bottom.csv,440,0.0199
45,left.csv,440,0.0209
45,right.csv,440,0.023
45,top.csv,440,0.0231
0,bottom.csv,442,0.8902
0,left.csv,442,0.878
0,right.csv,442,0.8933
0,top.csv,442,0.8916
45,bottom.csv,442,0.0244
45,left.csv,442,0.0258
45,right.csv,442,0.0283
45,top.csv,442,0.0284
0,bottom.csv,444,0.8582
0,left.csv,444,0.7137
0,right.csv,444,0.8101
0,top.csv,444,0.8165
45,bottom.csv,444,0.0301
45,left.csv,444,0.0316
45,right.csv,444,0.0347
45,top.csv,444,0.0346
0,bottom.csv,446,0.6348
0,left.csv,446,0.4095
0,right.csv,446,0.5455
0,top.csv,446,0.5602
45,bottom.csv,446,0.0368
45,left.csv,446,0.0378
45,right.csv,446,0.0413
45,top.csv,446,0.0408
0,bottom.csv,448,0.3383
0,left.csv,448,0.1912
0,right.csv,448,0.278
0,top.csv,448,0.2883
45,bottom.csv,448,0.043
45,left.csv,448,0.0429
45,right.csv,448,0.0468
45,top.csv,448,0.0458
0,bottom.csv,450,0.1558
0,left.csv,450,0.0889
0,right.csv,450,0.13
0,top.csv,450,0.1337
45,bottom.csv,450,0.0474
45,left.csv,450,0.0461
45,right.csv,450,0.05
45,top.csv,450,0.0486
0,bottom.csv,452,0.074
0,left.csv,452,0.045
0,right.csv,452,0.064
0,top.csv,452,0.0649
45,bottom.csv,452,0.0496
45,left.csv,452,0.0473
45,right.csv,452,0.0512
45,top.csv,452,0.0496
0,bottom.csv,454,0.0386
0,left.csv,454,0.0251
0,right.csv,454,0.0345
0,top.csv,454,0.0345
45,bottom.csv,454,0.0501
45,left.csv,454,0.0473
45,right.csv,454,0.051
45,top.csv,454,0.0496
0,bottom.csv,456,0.0221
0,left.csv,456,0.0153
0,right.csv,456,0.0204
0,top.csv,456,0.0202
45,bottom.csv,456,0.0497
45,left.csv,456,0.0471
45,right.csv,456,0.0506
45,top.csv,456,0.0496
0,bottom.csv,458,0.0139
0,left.csv,458,0.0101
0,right.csv,458,0.0132
0,top.csv,458,0.0129
45,bottom.csv,458,0.0496
45,left.csv,458,0.0474
45,right.csv,458,0.0509
45,top.csv,458,0.0502
0,bottom.csv,460,0.0095
0,left.csv,460,0.0072
0,right.csv,460,0.0092
0,top.csv,460,0.0089
45,bottom.csv,460,0.0502
45,left.csv,460,0.0483
45,right.csv,460,0.0519
45,top.csv,460,0.0514
0,bottom.csv,462,0.0069
0,left.csv,462,0.0054
0,right.csv,462,0.0067
0,top.csv,462,0.0065
45,bottom.csv,462,0.0513
45,left.csv,462,0.0494
45,right.csv,462,0.0533
45,top.csv,462,0.0527
0,bottom.csv,464,0.0052
0,left.csv,464,0.0042
0,right.csv,464,0.0052
0,top.csv,464,0.0049
45,bottom.csv,464,0.0524
45,left.csv,464,0.0499
45,right.csv,464,0.0541
45,top.csv,464,0.0532
0,bottom.csv,466,0.0041
0,left.csv,466,0.0034
0,right.csv,466,0.0041
0,top.csv,466,0.0039
45,bottom.csv,466,0.0525
45,left.csv,466,0.0489
45,right.csv,466,0.0534
45,top.csv,466,0.0519
0,bottom.csv,468,0.0034
0,left.csv,468,0.0029
0,right.csv,468,0.0035
0,top.csv,468,0.0033
45,bottom.csv,468,0.0508
45,left.csv,468,0.0459
45,right.csv,468,0.0507
45,top.csv,468,0.0487
0,bottom.csv,470,0.0029
0,left.csv,470,0.0026
0,right.csv,470,0.0031
0,top.csv,470,0.0028
45,bottom.csv,470,0.0471
45,left.csv,470,0.0414
45,right.csv,470,0.0461
45,top.csv,470,0.0437
0,bottom.csv,472,0.0027
0,left.csv,472,0.0024
0,right.csv,472,0.0028
0,top.csv,472,0.0026
45,bottom.csv,472,0.0419
45,left.csv,472,0.0359
45,right.csv,472,0.0403
45,top.csv,472,0.0379
0,bottom.csv,474,0.0026
0,left.csv,474,0.0024
0,right.csv,474,0.0028
0,top.csv,474,0.0025
45,bottom.csv,474,0.0361
45,left.csv,474,0.0305
45,right.csv,474,0.0345
45,top.csv,474,0.0322
0,bottom.csv,476,0.0026
0,left.csv,476,0.0025
0,right.csv,476,0.0028
0,top.csv,476,0.0026
45,bottom.csv,476,0.0306
45,left.csv,476,0.0258
45,right.csv,476,0.0292
45,top.csv,476,0.0274
0,bottom.csv,478,0.0027
0,left.csv,478,0.0027
0,right.csv,478,0.003
0,top.csv,478,0.0027
45,bottom.csv,478,0.026
45,left.csv,478,0.0221
45,right.csv,478,0.0251
45,top.csv,478,0.0237
0,bottom.csv,480,0.003
0,left.csv,480,0.0031
0,right.csv,480,0.0034
0,top.csv,480,0.003
45,bottom.csv,480,0.0224
45,left.csv,480,0.0194
45,right.csv,480,0.0221
45,top.csv,480,0.0209
0,bottom.csv,482,0.0036
0,left.csv,482,0.0038
0,right.csv,482,0.0041
0,top.csv,482,0.0037
45,bottom.csv,482,0.0199
45,left.csv,482,0.0175
45,right.csv,482,0.02
45,top.csv,482,0.0191
0,bottom.csv,484,0.0046
0,left.csv,484,0.005
0,right.csv,484,0.0053
0,top.csv,484,0.0047
45,bottom.csv,484,0.0184
45,left.csv,484,0.0167
45,right.csv,484,0.019
45,top.csv,484,0.0183
0,bottom.csv,486,0.006
0,left.csv,486,0.0067
0,right.csv,486,0.0069
0,top.csv,486,0.0061
45,bottom.csv,486,0.0181
45,left.csv,486,0.0168
45,right.csv,486,0.0192
45,top.csv,486,0.0187
0,bottom.csv,488,0.0081
0,left.csv,488,0.0093
0,right.csv,488,0.0095
0,top.csv,488,0.0083
45,bottom.csv,488,0.0188
45,left.csv,488,0.018
45,right.csv,488,0.0205
45,top.csv,488,0.0202
0,bottom.csv,490,0.0112
0,left.csv,490,0.0131
0,right.csv,490,0.0132
0,top.csv,490,0.0115
45,bottom.csv,490,0.0207
45,left.csv,490,0.0203
45,right.csv,490,0.0232
45,top.csv,490,0.0231
0,bottom.csv,492,0.0157
0,left.csv,492,0.0178
0,right.csv,492,0.0181
0,top.csv,492,0.0159
45,bottom.csv,492,0.0241
45,left.csv,492,0.0244
45,right.csv,492,0.028
45,top.csv,492,0.0282
0,bottom.csv,494,0.0209
0,left.csv,494,0.022
0,right.csv,494,0.0231
0,top.csv,494,0.0207
45,bottom.csv,494,0.0299
45,left.csv,494,0.0312
45,right.csv,494,0.036
45,top.csv,494,0.0367
0,bottom.csv,496,0.0245
0,left.csv,496,0.0235
0,right.csv,496,0.0258
0,top.csv,496,0.0239
45,bottom.csv,496,0.0395
45,left.csv,496,0.0427
45,right.csv,496,0.0493
45,top.csv,496,0.0508
0,bottom.csv,498,0.0248
0,left.csv,498,0.0221
0,right.csv,498,0.0251
0,top.csv,498,0.0238
45,bottom.csv,498,0.055
45,left.csv,498,0.0613
45,right.csv,498,0.0703
45,top.csv,498,0.0732
0,bottom.csv,500,0.0224
0,left.csv,500,0.0194
0,right.csv,500,0.0224
0,top.csv,500,0.0216
45,bottom.csv,500,0.079
45,left.csv,500,0.0891
45,right.csv,500,0.1004
45,top.csv,500,0.1047
0,bottom.csv,502,0.0196
0,left.csv,502,0.0171
0,right.csv,502,0.0196
0,top.csv,502,0.0189
45,bottom.csv,502,0.1112
45,left.csv,502,0.1229
45,right.csv,502,0.1349
45,top.csv,502,0.1395
0,bottom.csv,504,0.0172
0,left.csv,504,0.0154
0,right.csv,504,0.0175
0,top.csv,504,0.0167
45,bottom.csv,504,0.1445
45,left.csv,504,0.1526
45,right.csv,504,0.1633
45,top.csv,504,0.1662
0,bottom.csv,506,0.0157
0,left.csv,506,0.0143
0,right.csv,506,0.0161
0,top.csv,506,0.0153
45,bottom.csv,506,0.1676
45,left.csv,506,0.1678
45,right.csv,506,0.1758
45,top.csv,506,0.1756
0,bottom.csv,508,0.0149
0,left.csv,508,0.0138
0,right.csv,508,0.0154
0,top.csv,508,0.0145
45,bottom.csv,508,0.1728
45,left.csv,508,0.1637
45,right.csv,508,0.1688
45,top.csv,508,0.165
0,bottom.csv,510,0.0146
0,left.csv,510,0.0136
0,right.csv,510,0.015
0,top.csv,510,0.0141
45,bottom.csv,510,0.1591
45,left.csv,510,0.1423
45,right.csv,510,0.145
45,top.csv,510,0.1388
0,bottom.csv,512,0.0145
0,left.csv,512,0.0132
0,right.csv,512,0.0147
0,top.csv,512,0.0137
45,bottom.csv,512,0.1314
45,left.csv,512,0.1122
45,right.csv,512,0.1142
45,top.csv,512,0.1077
0,bottom.csv,514,0.0142
0,left.csv,514,0.0125
0,right.csv,514,0.014
0,top.csv,514,0.0132
45,bottom.csv,514,0.1009
45,left.csv,514,0.085
45,right.csv,514,0.0871
45,top.csv,514,0.0822
0,bottom.csv,516,0.0133
0,left.csv,516,0.0111
0,right.csv,516,0.0129
0,top.csv,516,0.0122
45,bottom.csv,516,0.0772
45,left.csv,516,0.0661
45,right.csv,516,0.0686
45,top.csv,516,0.0652
0,bottom.csv,518,0.0118
0,left.csv,518,0.0094
0,right.csv,518,0.0112
0,top.csv,518,0.0106
45,bottom.csv,518,0.0621
45,left.csv,518,0.0547
45,right.csv,518,0.0575
45,top.csv,518,0.0552
0,bottom.csv,520,0.0099
0,left.csv,520,0.0076
0,right.csv,520,0.0093
0,top.csv,520,0.0089
45,bottom.csv,520,0.0532
45,left.csv,520,0.0483
45,right.csv,520,0.0513
45,top.csv,520,0.0497
0,bottom.csv,522,0.008
0,left.csv,522,0.0061
0,right.csv,522,0.0075
0,top.csv,522,0.0072
45,bottom.csv,522,0.0483
45,left.csv,522,0.045
45,right.csv,522,0.0481
45,top.csv,522,0.047
0,bottom.csv,524,0.0063
0,left.csv,524,0.0048
0,right.csv,524,0.006
0,top.csv,524,0.0057
45,bottom.csv,524,0.046
45,left.csv,524,0.0437
45,right.csv,524,0.0468
45,top.csv,524,0.0462
0,bottom.csv,526,0.0051
0,left.csv,526,0.0039
0,right.csv,526,0.0049
0,top.csv,526,0.0046
45,bottom.csv,526,0.0453
45,left.csv,526,0.0438
45,right.csv,526,0.0471
45,top.csv,526,0.0468
0,bottom.csv,528,0.0041
0,left.csv,528,0.0032
0,right.csv,528,0.0041
0,top.csv,528,0.0038
45,bottom.csv,528,0.046
45,left.csv,528,0.0454
45,right.csv,528,0.0491
45,top.csv,528,0.0492
0,bottom.csv,530,0.0035
0,left.csv,530,0.0028
0,right.csv,530,0.0035
0,top.csv,530,0.0032
45,bottom.csv,530,0.0486
45,left.csv,530,0.0491
45,right.csv,530,0.0534
45,top.csv,530,0.0538
0,bottom.csv,532,0.003
0,left.csv,532,0.0024
0,right.csv,532,0.003
0,top.csv,532,0.0028
45,bottom.csv,532,0.0535
45,left.csv,532,0.0552
45,right.csv,532,0.0603
45,top.csv,532,0.0612
0,bottom.csv,534,0.0027
0,left.csv,534,0.0022
0,right.csv,534,0.0028
0,top.csv,534,0.0025
45,bottom.csv,534,0.0612
45,left.csv,534,0.0644
45,right.csv,534,0.0705
45,top.csv,534,0.072
0,bottom.csv,536,0.0025
0,left.csv,536,0.0021
0,right.csv,536,0.0026
0,top.csv,536,0.0023
45,bottom.csv,536,0.0724
45,left.csv,536,0.0775
45,right.csv,536,0.0851
45,top.csv,536,0.0873
0,bottom.csv,538,0.0023
0,left.csv,538,0.002
0,right.csv,538,0.0025
0,top.csv,538,0.0022
45,bottom.csv,538,0.0879
45,left.csv,538,0.0955
45,right.csv,538,0.1049
45,top.csv,538,0.108
0,bottom.csv,540,0.0023
0,left.csv,540,0.002
0,right.csv,540,0.0025
0,top.csv,540,0.0022
45,bottom.csv,540,0.109
45,left.csv,540,0.1197
45,right.csv,540,0.1309
45,top.csv,540,0.1353
0,bottom.csv,542,0.0023
0,left.csv,542,0.0021
0,right.csv,542,0.0025
0,top.csv,542,0.0022
45,bottom.csv,542,0.1365
45,left.csv,542,0.1504
45,right.csv,542,0.1634
45,top.csv,542,0.1688
0,bottom.csv,544,0.0024
0,left.csv,544,0.0022
0,right.csv,544,0.0027
0,top.csv,544,0.0024
45,bottom.csv,544,0.1701
45,left.csv,544,0.1864
45,right.csv,544,0.2005
45,top.csv,544,0.2066
0,bottom.csv,546,0.0026
0,left.csv,546,0.0025
0,right.csv,546,0.0029
0,top.csv,546,0.0026
45,bottom.csv,546,0.2071
45,left.csv,546,0.2235
45,right.csv,546,0.2379
45,top.csv,546,0.2438
0,bottom.csv,548,0.0029
0,left.csv,548,0.0028
0,right.csv,548,0.0033
0,top.csv,548,0.0028
45,bottom.csv,548,0.2425
45,left.csv,548,0.2562
45,right.csv,548,0.2698
45,top.csv,548,0.2744
0,bottom.csv,550,0.0033
0,left.csv,550,0.0033
0,right.csv,550,0.0039
0,top.csv,550,0.0033
45,bottom.csv,550,0.2716
45,left.csv,550,0.2801
45,right.csv,550,0.2923
45,top.csv,550,0.2948
0,bottom.csv,552,0.0039
0,left.csv,552,0.004
0,right.csv,552,0.0047
0,top.csv,552,0.0039
45,bottom.csv,552,0.2907
45,left.csv,552,0.2926
45,right.csv,552,0.3036
45,top.csv,552,0.3035
0,bottom.csv,554,0.0048
0,left.csv,554,0.0051
0,right.csv,554,0.006
0,top.csv,554,0.0049
45,bottom.csv,554,0.2986
45,left.csv,554,0.2945
45,right.csv,554,0.3046
45,top.csv,554,0.3023
0,bottom.csv,556,0.0063
0,left.csv,556,0.0068
0,right.csv,556,0.0079
0,top.csv,556,0.0064
45,bottom.csv,556,0.2972
45,left.csv,556,0.2891
45,right.csv,556,0.2992
45,top.csv,556,0.2955
0,bottom.csv,558,0.0086
0,left.csv,558,0.0097
0,right.csv,558,0.0112
0,top.csv,558,0.0089
45,bottom.csv,558,0.2909
45,left.csv,558,0.2816
45,right.csv,558,0.2924
45,top.csv,558,0.2883
0,bottom.csv,560,0.0124
0,left.csv,560,0.0147
0,right.csv,560,0.0169
0,top.csv,560,0.0131
45,bottom.csv,560,0.2843
45,left.csv,560,0.2763
45,right.csv,560,0.2883
45,top.csv,560,0.2845
0,bottom.csv,562,0.0195
0,left.csv,562,0.0242
0,right.csv,562,0.0277
0,top.csv,562,0.0208
45,bottom.csv,562,0.2814
45,left.csv,562,0.2761
45,right.csv,562,0.2895
45,top.csv,562,0.2865
0,bottom.csv,564,0.033
0,left.csv,564,0.0423
0,right.csv,564,0.0474
0,top.csv,564,0.0356
45,bottom.csv,564,0.2843
45,left.csv,564,0.2824
45,right.csv,564,0.2973
45,top.csv,564,0.2954
0,bottom.csv,566,0.0561
0,left.csv,566,0.0684
0,right.csv,566,0.0747
0,top.csv,566,0.0597
45,bottom.csv,566,0.2937
45,left.csv,566,0.2956
45,right.csv,566,0.3121
45,top.csv,566,0.3116
0,bottom.csv,568,0.0815
0,left.csv,568,0.0854
0,right.csv,568,0.0914
0,top.csv,568,0.083
45,bottom.csv,568,0.3103
45,left.csv,568,0.3164
45,right.csv,568,0.3348
45,top.csv,568,0.3359
0,bottom.csv,570,0.0869
0,left.csv,570,0.0757
0,right.csv,570,0.0808
0,top.csv,570,0.0841
45,bottom.csv,570,0.335
45,left.csv,570,0.3464
45,right.csv,570,0.3671
45,top.csv,570,0.3698
0,bottom.csv,572,0.0674
0,left.csv,572,0.0527
0,right.csv,572,0.0569
0,top.csv,572,0.0636
45,bottom.csv,572,0.3696
45,left.csv,572,0.3873
45,right.csv,572,0.4106
45,top.csv,572,0.415
0,bottom.csv,574,0.0454
0,left.csv,574,0.0353
0,right.csv,574,0.0386
0,top.csv,574,0.0427
45,bottom.csv,574,0.4157
45,left.csv,574,0.4403
45,right.csv,574,0.4658
45,top.csv,574,0.4722
0,bottom.csv,576,0.0314
0,left.csv,576,0.0253
0,right.csv,576,0.0278
0,top.csv,576,0.0298
45,bottom.csv,576,0.4733
45,left.csv,576,0.5043
45,right.csv,576,0.5308
45,top.csv,576,0.5389
0,bottom.csv,578,0.0235
0,left.csv,578,0.0197
0,right.csv,578,0.0217
0,top.csv,578,0.0225
45,bottom.csv,578,0.54
45,left.csv,578,0.5752
45,right.csv,578,0.601
45,top.csv,578,0.61
0,bottom.csv,580,0.0189
0,left.csv,580,0.0164
0,right.csv,580,0.0181
0,top.csv,580,0.0182
45,bottom.csv,580,0.6111
45,left.csv,580,0.6467
45,right.csv,580,0.6695
45,top.csv,580,0.6781
0,bottom.csv,582,0.0162
0,left.csv,582,0.0144
0,right.csv,582,0.0159
0,top.csv,582,0.0157
45,bottom.csv,582,0.6788
45,left.csv,582,0.7097
45,right.csv,582,0.7276
45,top.csv,582,0.7341
0,bottom.csv,584,0.0146
0,left.csv,584,0.0134
0,right.csv,584,0.0147
0,top.csv,584,0.0142
45,bottom.csv,584,0.7344
45,left.csv,584,0.7558
45,right.csv,584,0.7677
45,top.csv,584,0.7711
0,bottom.csv,586,0.0137
0,left.csv,586,0.0129
0,right.csv,586,0.0142
0,top.csv,586,0.0134
45,bottom.csv,586,0.771
45,left.csv,586,0.7794
45,right.csv,586,0.7857
45,top.csv,586,0.7852
0,bottom.csv,588,0.0134
0,left.csv,588,0.0129
0,right.csv,588,0.0141
0,top.csv,588,0.0132
45,bottom.csv,588,0.785
45,left.csv,588,0.7803
45,right.csv,588,0.7831
45,top.csv,588,0.7786
0,bottom.csv,590,0.0136
0,left.csv,590,0.0133
0,right.csv,590,0.0146
0,top.csv,590,0.0135
45,bottom.csv,590,0.7788
45,left.csv,590,0.7641
45,right.csv,590,0.7663
45,top.csv,590,0.7581
0,bottom.csv,592,0.0143
0,left.csv,592,0.0142
0,right.csv,592,0.0156
0,top.csv,592,0.0142
45,bottom.csv,592,0.7596
45,left.csv,592,0.7401
45,right.csv,592,0.7449
45,top.csv,592,0.7342
0,bottom.csv,594,0.0154
0,left.csv,594,0.0157
0,right.csv,594,0.0171
0,top.csv,594,0.0155
45,bottom.csv,594,0.7374
45,left.csv,594,0.719
45,right.csv,594,0.7277
45,top.csv,594,0.7163
0,bottom.csv,596,0.0172
0,left.csv,596,0.0178
0,right.csv,596,0.0194
0,top.csv,596,0.0173
45,bottom.csv,596,0.7207
45,left.csv,596,0.7066
45,right.csv,596,0.7171
45,top.csv,596,0.7075
0,bottom.csv,598,0.0197
0,left.csv,598,0.0208
0,right.csv,598,0.0226
0,top.csv,598,0.0199
45,bottom.csv,598,0.7113
45,left.csv,598,0.7003
45,right.csv,598,0.7086
45,top.csv,598,0.7029
0,bottom.csv,600,0.0233
0,left.csv,600,0.0251
0,right.csv,600,0.0271
0,top.csv,600,0.0237
45,bottom.csv,600,0.7041
45,left.csv,600,0.6933
45,right.csv,600,0.697
45,top.csv,600,0.6954
0,bottom.csv,602,0.0283
0,left.csv,602,0.0311
0,right.csv,602,0.0335
0,top.csv,602,0.0289
45,bottom.csv,602,0.6933
45,left.csv,602,0.6809
45,right.csv,602,0.68
45,top.csv,602,0.6818
0,bottom.csv,604,0.0354
0,left.csv,604,0.0396
0,right.csv,604,0.0426
0,top.csv,604,0.0364
45,bottom.csv,604,0.6771
45,left.csv,604,0.6638
45,right.csv,604,0.6606
45,top.csv,604,0.6645
0,bottom.csv,606,0.0455
0,left.csv,606,0.0519
0,right.csv,606,0.0554
0,top.csv,606,0.047
45,bottom.csv,606,0.6587
45,left.csv,606,0.6471
45,right.csv,606,0.6447
45,top.csv,606,0.6496
0,bottom.csv,608,0.0598
0,left.csv,608,0.0691
0,right.csv,608,0.0734
0,top.csv,608,0.0619
45,bottom.csv,608,0.6441
45,left.csv,608,0.6369
45,right.csv,608,0.637
45,top.csv,608,0.6422
0,bottom.csv,610,0.0797
0,left.csv,610,0.0926
0,right.csv,610,0.0976
0,top.csv,610,0.0827
45,bottom.csv,610,0.6375
45,left.csv,610,0.6355
45,right.csv,610,0.6378
45,top.csv,610,0.6432
0,bottom.csv,612,0.106
0,left.csv,612,0.1221
0,right.csv,612,0.1279
0,top.csv,612,0.1099
45,bottom.csv,612,0.6393
45,left.csv,612,0.6408
45,right.csv,612,0.6446
45,top.csv,612,0.65
0,bottom.csv,614,0.1372
0,left.csv,614,0.1535
0,right.csv,614,0.16
0,top.csv,614,0.1412
45,bottom.csv,614,0.6466
45,left.csv,614,0.6498
45,right.csv,614,0.6544
45,top.csv,614,0.6592
0,bottom.csv,616,0.1675
0,left.csv,616,0.179
0,right.csv,616,0.1863
0,top.csv,616,0.1702
45,bottom.csv,616,0.6561
45,left.csv,616,0.6592
45,right.csv,616,0.6638
45,top.csv,616,0.6679
0,bottom.csv,618,0.1888
0,left.csv,618,0.1915
0,right.csv,618,0.1997
0,top.csv,618,0.1891
45,bottom.csv,618,0.665
45,left.csv,618,0.666
45,right.csv,618,0.6704
45,top.csv,618,0.6731
0,bottom.csv,620,0.196
0,left.csv,620,0.1904
0,right.csv,620,0.1993
0,top.csv,620,0.194
45,bottom.csv,620,0.6705
45,left.csv,620,0.6683
45,right.csv,620,0.6724
45,top.csv,620,0.6733
0,bottom.csv,622,0.1911
0,left.csv,622,0.1807
0,right.csv,622,0.19
0,top.csv,622,0.1876
45,bottom.csv,622,0.671
45,left.csv,622,0.6648
45,right.csv,622,0.6686
45,top.csv,622,0.6678
0,bottom.csv,624,0.1802
0,left.csv,624,0.1688
0,right.csv,624,0.1782
0,top.csv,624,0.1763
45,bottom.csv,624,0.6657
45,left.csv,624,0.6551
45,right.csv,624,0.6587
45,top.csv,624,0.6563
0,bottom.csv,626,0.1689
0,left.csv,626,0.1588
0,right.csv,626,0.168
0,top.csv,626,0.1651
45,bottom.csv,626,0.6545
45,left.csv,626,0.6397
45,right.csv,626,0.6434
45,top.csv,626,0.6395
0,bottom.csv,628,0.1602
0,left.csv,628,0.1524
0,right.csv,628,0.1614
0,top.csv,628,0.157
45,bottom.csv,628,0.6379
45,left.csv,628,0.6197
45,right.csv,628,0.6234
45,top.csv,628,0.6184
0,bottom.csv,630,0.1554
0,left.csv,630,0.1502
0,right.csv,630,0.1591
0,top.csv,630,0.1528
45,bottom.csv,630,0.6168
45,left.csv,630,0.596
45,right.csv,630,0.6
45,top.csv,630,0.5943
0,bottom.csv,632,0.1549
0,left.csv,632,0.1526
0,right.csv,632,0.1615
0,top.csv,632,0.153
45,bottom.csv,632,0.5926
45,left.csv,632,0.5703
45,right.csv,632,0.5744
45,top.csv,632,0.5684
0,bottom.csv,634,0.1591
0,left.csv,634,0.1598
0,right.csv,634,0.1689
0,top.csv,634,0.1579
45,bottom.csv,634,0.5667
45,left.csv,634,0.5438
45,right.csv,634,0.5484
45,top.csv,634,0.5423
0,bottom.csv,636,0.1684
0,left.csv,636,0.1725
0,right.csv,636,0.1821
0,top.csv,636,0.168
45,bottom.csv,636,0.5407
45,left.csv,636,0.5182
45,right.csv,636,0.5236
45,top.csv,636,0.5177
0,bottom.csv,638,0.1838
0,left.csv,638,0.1921
0,right.csv,638,0.2023
0,top.csv,638,0.1842
45,bottom.csv,638,0.5161
45,left.csv,638,0.495
45,right.csv,638,0.5013
45,top.csv,638,0.4958
0,bottom.csv,640,0.2067
0,left.csv,640,0.2206
0,right.csv,640,0.2315
0,top.csv,640,0.2083
45,bottom.csv,640,0.4942
45,left.csv,640,0.4752
45,right.csv,640,0.4824
45,top.csv,640,0.4775
0,bottom.csv,642,0.2394
0,left.csv,642,0.2609
0,right.csv,642,0.2728
0,top.csv,642,0.2427
45,bottom.csv,642,0.476
45,left.csv,642,0.4595
45,right.csv,642,0.4677
45,top.csv,642,0.4634
0,bottom.csv,644,0.2854
0,left.csv,644,0.3172
0,right.csv,644,0.33
0,top.csv,644,0.2909
45,bottom.csv,644,0.462
45,left.csv,644,0.4484
45,right.csv,644,0.4577
45,top.csv,644,0.4539
0,bottom.csv,646,0.3486
0,left.csv,646,0.3941
0,right.csv,646,0.4075
0,top.csv,646,0.3573
45,bottom.csv,646,0.4526
45,left.csv,646,0.442
45,right.csv,646,0.4522
45,top.csv,646,0.4492
0,bottom.csv,648,0.4342
0,left.csv,648,0.496
0,right.csv,648,0.509
0,top.csv,648,0.4469
45,bottom.csv,648,0.4478
45,left.csv,648,0.4402
45,right.csv,648,0.4512
45,top.csv,648,0.4489
0,bottom.csv,650,0.5448
0,left.csv,650,0.6219
0,right.csv,650,0.6328
0,top.csv,650,0.5614
45,bottom.csv,650,0.4475
45,left.csv,650,0.4429
45,right.csv,650,0.4546
45,top.csv,650,0.453
0,bottom.csv,652,0.6752
0,left.csv,652,0.7571
0,right.csv,652,0.7639
0,top.csv,652,0.6938
45,bottom.csv,652,0.4515
45,left.csv,652,0.4499
45,right.csv,652,0.4624
45,top.csv,652,0.4615
0,bottom.csv,654,0.8054
0,left.csv,654,0.8702
0,right.csv,654,0.872
0,top.csv,654,0.821
45,bottom.csv,654,0.46
45,left.csv,654,0.461
45,right.csv,654,0.4743
45,top.csv,654,0.4741
0,bottom.csv,656,0.8994
0,left.csv,656,0.9246
0,right.csv,656,0.9243
0,top.csv,656,0.9061
45,bottom.csv,656,0.4725
45,left.csv,656,0.4761
45,right.csv,656,0.49
45,top.csv,656,0.4905
0,bottom.csv,658,0.9282
0,left.csv,658,0.908
0,right.csv,658,0.9088
0,top.csv,658,0.9236
45,bottom.csv,658,0.4887
45,left.csv,658,0.495
45,right.csv,658,0.5095
45,top.csv,658,0.5105
0,bottom.csv,660,0.8911
0,left.csv,660,0.8396
0,right.csv,660,0.843
0,top.csv,660,0.8779
45,bottom.csv,660,0.5087
45,left.csv,660,0.5175
45,right.csv,660,0.5324
45,top.csv,660,0.534
0,bottom.csv,662,0.8133
0,left.csv,662,0.7509
0,right.csv,662,0.7567
0,top.csv,662,0.7963
45,bottom.csv,662,0.5322
45,left.csv,662,0.5432
45,right.csv,662,0.5586
45,top.csv,662,0.5606
0,bottom.csv,664,0.7247
0,left.csv,664,0.6656
0,right.csv,664,0.673
0,top.csv,664,0.7078
45,bottom.csv,664,0.5587
45,left.csv,664,0.5717
45,right.csv,664,0.5873
45,top.csv,664,0.5897
0,bottom.csv,666,0.6447
0,left.csv,666,0.5954
0,right.csv,666,0.6032
0,top.csv,666,0.6299
45,bottom.csv,666,0.5876
45,left.csv,666,0.6023
45,right.csv,666,0.6177
45,top.csv,666,0.6203
0,bottom.csv,668,0.5807
0,left.csv,668,0.5422
0,right.csv,668,0.5497
0,top.csv,668,0.5682
45,bottom.csv,668,0.6184
45,left.csv,668,0.6341
45,right.csv,668,0.6494
45,top.csv,668,0.652
0,bottom.csv,670,0.5326
0,left.csv,670,0.5043
0,right.csv,670,0.5112
0,top.csv,670,0.5225
45,bottom.csv,670,0.6503
45,left.csv,670,0.6664
45,right.csv,670,0.6814
45,top.csv,670,0.6839
0,bottom.csv,672,0.499
0,left.csv,672,0.4796
0,right.csv,672,0.486
0,top.csv,672,0.4913
45,bottom.csv,672,0.6822
45,left.csv,672,0.6984
45,right.csv,672,0.7128
45,top.csv,672,0.7149
0,bottom.csv,674,0.478
0,left.csv,674,0.4663
0,right.csv,674,0.4719
0,top.csv,674,0.4723
45,bottom.csv,674,0.7136
45,left.csv,674,0.729
45,right.csv,674,0.7427
45,top.csv,674,0.7442
0,bottom.csv,676,0.4677
0,left.csv,676,0.4625
0,right.csv,676,0.4673
0,top.csv,676,0.4636
45,bottom.csv,676,0.7431
45,left.csv,676,0.7572
45,right.csv,676,0.77
45,top.csv,676,0.771
0,bottom.csv,678,0.4663
0,left.csv,678,0.4669
0,right.csv,678,0.4707
0,top.csv,678,0.4636
45,bottom.csv,678,0.7702
45,left.csv,678,0.7825
45,right.csv,678,0.7945
45,top.csv,678,0.7946
0,bottom.csv,680,0.4726
0,left.csv,680,0.4781
0,right.csv,680,0.4811
0,top.csv,680,0.4712
45,bottom.csv,680,0.7946
45,left.csv,680,0.8046
45,right.csv,680,0.816
45,top.csv,680,0.8151
0,bottom.csv,682,0.4854
0,left.csv,682,0.495
0,right.csv,682,0.4971
0,top.csv,682,0.4851
45,bottom.csv,682,0.8156
45,left.csv,682,0.8231
45,right.csv,682,0.834
45,top.csv,682,0.8322
0,bottom.csv,684,0.5032
0,left.csv,684,0.5157
0,right.csv,684,0.5171
0,top.csv,684,0.5037
45,bottom.csv,684,0.8331
45,left.csv,684,0.8383
45,right.csv,684,0.8488
45,top.csv,684,0.8461
0,bottom.csv,686,0.5242
0,left.csv,686,0.5378
0,right.csv,686,0.5388
0,top.csv,686,0.5251
45,bottom.csv,686,0.8473
45,left.csv,686,0.8503
45,right.csv,686,0.8603
45,top.csv,686,0.8569
0,bottom.csv,688,0.5459
0,left.csv,688,0.5582
0,right.csv,688,0.5591
0,top.csv,688,0.5466
45,bottom.csv,688,0.8584
45,left.csv,688,0.8591
45,right.csv,688,0.8686
45,top.csv,688,0.8646
0,bottom.csv,690,0.5651
0,left.csv,690,0.5734
0,right.csv,690,0.5747
0,top.csv,690,0.5649
45,bottom.csv,690,0.8666
45,left.csv,690,0.8651
45,right.csv,690,0.8742
45,top.csv,690,0.8699
0,bottom.csv,692,0.5784
0,left.csv,692,0.5801
0,right.csv,692,0.5826
0,top.csv,692,0.5766
45,bottom.csv,692,0.872
45,left.csv,692,0.8689
45,right.csv,692,0.8775
45,top.csv,692,0.873
0,bottom.csv,694,0.5827
0,left.csv,694,0.5762
0,right.csv,694,0.5804
0,top.csv,694,0.5788
45,bottom.csv,694,0.8752
45,left.csv,694,0.8708
45,right.csv,694,0.8791
45,top.csv,694,0.8745
0,bottom.csv,696,0.5764
0,left.csv,696,0.5613
0,right.csv,696,0.5676
0,top.csv,696,0.5702
45,bottom.csv,696,0.8767
45,left.csv,696,0.8715
45,right.csv,696,0.8795
45,top.csv,696,0.875
0,bottom.csv,698,0.5597
0,left.csv,698,0.5373
0,right.csv,698,0.5456
0,top.csv,698,0.5513
45,bottom.csv,698,0.877
45,left.csv,698,0.8717
45,right.csv,698,0.8794
45,top.csv,698,0.8747
0,bottom.csv,700,0.5346
0,left.csv,700,0.5071
0,right.csv,700,0.517
0,top.csv,700,0.5245
45,bottom.csv,700,0.8768
45,left.csv,700,0.8716
45,right.csv,700,0.8794
45,top.csv,700,0.8748
0,bottom.csv,702,0.5039
0,left.csv,702,0.4739
0,right.csv,702,0.4848
0,top.csv,702,0.4929
45,bottom.csv,702,0.8769
45,left.csv,702,0.8721
45,right.csv,702,0.8799
45,top.csv,702,0.8755
0,bottom.csv,704,0.471
0,left.csv,704,0.4406
0,right.csv,704,0.452
0,top.csv,704,0.4597
45,bottom.csv,704,0.8776
45,left.csv,704,0.8734
45,right.csv,704,0.8816
45,top.csv,704,0.8773
0,bottom.csv,706,0.4386
0,left.csv,706,0.4096
0,right.csv,706,0.421
0,top.csv,706,0.4274
45,bottom.csv,706,0.8792
45,left.csv,706,0.8759
45,right.csv,706,0.8842
45,top.csv,706,0.8803
0,bottom.csv,708,0.4085
0,left.csv,708,0.3818
0,right.csv,708,0.393
0,top.csv,708,0.3979
45,bottom.csv,708,0.882
45,left.csv,708,0.88
45,right.csv,708,0.8883
45,top.csv,708,0.8845
0,bottom.csv,710,0.3817
0,left.csv,710,0.3579
0,right.csv,710,0.3687
0,top.csv,710,0.3718
45,bottom.csv,710,0.8862
45,left.csv,710,0.885
45,right.csv,710,0.8936
45,top.csv,710,0.89
0,bottom.csv,712,0.3588
0,left.csv,712,0.338
0,right.csv,712,0.3484
0,top.csv,712,0.3496
45,bottom.csv,712,0.8917
45,left.csv,712,0.8911
45,right.csv,712,0.8999
45,top.csv,712,0.8964
0,bottom.csv,714,0.3399
0,left.csv,714,0.3221
0,right.csv,714,0.3319
0,top.csv,714,0.3314
45,bottom.csv,714,0.8983
45,left.csv,714,0.8986
45,right.csv,714,0.9072
45,top.csv,714,0.9037
0,bottom.csv,716,0.3249
0,left.csv,716,0.31
0,right.csv,716,0.3192
0,top.csv,716,0.3171
45,bottom.csv,716,0.9056
45,left.csv,716,0.9066
45,right.csv,716,0.9147
45,top.csv,716,0.9116
0,bottom.csv,718,0.3136
0,left.csv,718,0.3015
0,right.csv,718,0.3101
0,top.csv,718,0.3065
45,bottom.csv,718,0.9132
45,left.csv,718,0.9149
45,right.csv,718,0.9222
45,top.csv,718,0.9195
0,bottom.csv,720,0.3059
0,left.csv,720,0.2962
0,right.csv,720,0.3044
0,top.csv,720,0.2994
45,bottom.csv,720,0.9211
45,left.csv,720,0.923
45,right.csv,720,0.9299
45,top.csv,720,0.9273
0,bottom.csv,722,0.3014
0,left.csv,722,0.2942
0,right.csv,722,0.302
0,top.csv,722,0.2954
45,bottom.csv,722,0.9288
45,left.csv,722,0.9307
45,right.csv,722,0.9371
45,top.csv,722,0.9347
0,bottom.csv,724,0.3
0,left.csv,724,0.2952
0,right.csv,724,0.3026
0,top.csv,724,0.2945
45,bottom.csv,724,0.9359
45,left.csv,724,0.9376
45,right.csv,724,0.9432
45,top.csv,724,0.9411
0,bottom.csv,726,0.3017
0,left.csv,726,0.2991
0,right.csv,726,0.3062
0,top.csv,726,0.2968
45,bottom.csv,726,0.9423
45,left.csv,726,0.9433
45,right.csv,726,0.9482
45,top.csv,726,0.9466
0,bottom.csv,728,0.3065
0,left.csv,728,0.3062
0,right.csv,728,0.3129
0,top.csv,728,0.302
45,bottom.csv,728,0.9475
45,left.csv,728,0.9479
45,right.csv,728,0.9519
45,top.csv,728,0.9506
0,bottom.csv,730,0.3142
0,left.csv,730,0.3164
0,right.csv,730,0.3227
0,top.csv,730,0.3103
45,bottom.csv,730,0.9512
45,left.csv,730,0.9509
45,right.csv,730,0.954
45,top.csv,730,0.9528
0,bottom.csv,732,0.3252
0,left.csv,732,0.3298
0,right.csv,732,0.3358
0,top.csv,732,0.3217
45,bottom.csv,732,0.9531
45,left.csv,732,0.9521
45,right.csv,732,0.9544
45,top.csv,732,0.9536
0,bottom.csv,734,0.3395
0,left.csv,734,0.3467
0,right.csv,734,0.3523
0,top.csv,734,0.3365
45,bottom.csv,734,0.9537
45,left.csv,734,0.9516
45,right.csv,734,0.953
45,top.csv,734,0.9526
0,bottom.csv,736,0.3572
0,left.csv,736,0.3672
0,right.csv,736,0.3724
0,top.csv,736,0.3547
45,bottom.csv,736,0.9525
45,left.csv,736,0.9493
45,right.csv,736,0.9498
45,top.csv,736,0.95
0,bottom.csv,738,0.3785
0,left.csv,738,0.3914
0,right.csv,738,0.3961
0,top.csv,738,0.3765
45,bottom.csv,738,0.9495
45,left.csv,738,0.9455
45,right.csv,738,0.9453
45,top.csv,738,0.9459
0,bottom.csv,740,0.4035
0,left.csv,740,0.4195
0,right.csv,740,0.4236
0,top.csv,740,0.4022
45,bottom.csv,740,0.9449
45,left.csv,740,0.9403
45,right.csv,740,0.9397
45,top.csv,740,0.9404
0,bottom.csv,742,0.4325
0,left.csv,742,0.4514
0,right.csv,742,0.455
0,top.csv,742,0.4316
45,bottom.csv,742,0.9394
45,left.csv,742,0.9344
45,right.csv,742,0.9334
45,top.csv,742,0.9344
0,bottom.csv,744,0.4653
0,left.csv,744,0.4871
0,right.csv,744,0.4901
0,top.csv,744,0.465
45,bottom.csv,744,0.9333
45,left.csv,744,0.928
45,right.csv,744,0.9266
45,top.csv,744,0.9278
0,bottom.csv,746,0.5014
0,left.csv,746,0.526
0,right.csv,746,0.5283
0,top.csv,746,0.5017
45,bottom.csv,746,0.9266
45,left.csv,746,0.9212
45,right.csv,746,0.9201
45,top.csv,746,0.9214
0,bottom.csv,748,0.5405
0,left.csv,748,0.5673
0,right.csv,748,0.5688
0,top.csv,748,0.5413
45,bottom.csv,748,0.9199
45,left.csv,748,0.9145
45,right.csv,748,0.9141
45,top.csv,748,0.9152
0,bottom.csv,750,0.5819
0,left.csv,750,0.6099
0,right.csv,750,0.6108
0,top.csv,750,0.5829
45,bottom.csv,750,0.9137
45,left.csv,750,0.9086
45,right.csv,750,0.9084
45,top.csv,750,0.9096
0,bottom.csv,752,0.6244
0,left.csv,752,0.6525
0,right.csv,752,0.6529
0,top.csv,752,0.6256
45,bottom.csv,752,0.9081
45,left.csv,752,0.9036
45,right.csv,752,0.9037
45,top.csv,752,0.905
0,bottom.csv,754,0.6665
0,left.csv,754,0.6933
0,right.csv,754,0.6933
0,top.csv,754,0.6676
45,bottom.csv,754,0.9037
45,left.csv,754,0.8995
45,right.csv,754,0.8999
45,top.csv,754,0.9016
0,bottom.csv,756,0.7062
0,left.csv,756,0.7304
0,right.csv,756,0.7304
0,top.csv,756,0.707
45,bottom.csv,756,0.9002
45,left.csv,756,0.8967
45,right.csv,756,0.8976
45,top.csv,756,0.8993
0,bottom.csv,758,0.7422
0,left.csv,758,0.7624
0,right.csv,758,0.7627
0,top.csv,758,0.7423
45,bottom.csv,758,0.8978
45,left.csv,758,0.8952
45,right.csv,758,0.8965
45,top.csv,758,0.8984
0,bottom.csv,760,0.7725
0,left.csv,760,0.788
0,right.csv,760,0.7943
0,top.csv,760,0.7719
45,bottom.csv,760,0.8968
45,left.csv,760,0.8951
45,right.csv,760,0.8966
45,top.csv,760,0.8985
0,bottom.csv,762,0.7967
0,left.csv,762,0.8069
0,right.csv,762,0.8103
0,top.csv,762,0.7949
45,bottom.csv,762,0.8968
45,left.csv,762,0.896
45,right.csv,762,0.8978
45,top.csv,762,0.8997
0,bottom.csv,764,0.8142
0,left.csv,764,0.8193
0,right.csv,764,0.8212
0,top.csv,764,0.8113
45,bottom.csv,764,0.8979
45,left.csv,764,0.8981
45,right.csv,764,0.9002
45,top.csv,764,0.9021
0,bottom.csv,766,0.8253
0,left.csv,766,0.8257
0,right.csv,766,0.8283
0,top.csv,766,0.8214
45,bottom.csv,766,0.9002
45,left.csv,766,0.9012
45,right.csv,766,0.9035
45,top.csv,766,0.9053
0,bottom.csv,768,0.8312
0,left.csv,768,0.8272
0,right.csv,768,0.8308
0,top.csv,768,0.8262
45,bottom.csv,768,0.9037
45,left.csv,768,0.9052
45,right.csv,768,0.908
45,top.csv,768,0.9096
0,bottom.csv,770,0.8325
0,left.csv,770,0.8261
0,right.csv,770,0.8298
0,top.csv,770,0.8269
45,bottom.csv,770,0.9079
45,left.csv,770,0.9098
45,right.csv,770,0.9129
45,top.csv,770,0.9145
0,bottom.csv,772,0.8308
0,left.csv,772,0.8226
0,right.csv,772,0.8268
0,top.csv,772,0.8244
45,bottom.csv,772,0.913
45,left.csv,772,0.9153
45,right.csv,772,0.9182
45,top.csv,772,0.9201
0,bottom.csv,774,0.8272
0,left.csv,774,0.8185
0,right.csv,774,0.8229
0,top.csv,774,0.8205
45,bottom.csv,774,0.9184
45,left.csv,774,0.9211
45,right.csv,774,0.924
45,top.csv,774,0.9256
0,bottom.csv,776,0.8235
0,left.csv,776,0.8148
0,right.csv,776,0.8191
0,top.csv,776,0.8162
45,bottom.csv,776,0.9242
45,left.csv,776,0.9271
45,right.csv,776,0.93
45,top.csv,776,0.9316
0,bottom.csv,778,0.8196
0,left.csv,778,0.8119
0,right.csv,778,0.8163
0,top.csv,778,0.813
45,bottom.csv,778,0.9299
45,left.csv,778,0.933
45,right.csv,778,0.9361
45,top.csv,778,0.9374
0,bottom.csv,780,0.8172
0,left.csv,780,0.8111
0,right.csv,780,0.815
0,top.csv,780,0.8107
45,bottom.csv,780,0.9358
45,left.csv,780,0.9392
45,right.csv,780,0.9418
45,top.csv,780,0.943
0,bottom.csv,782,0.8166
0,left.csv,782,0.812
0,right.csv,782,0.8159
0,top.csv,782,0.8104
45,bottom.csv,782,0.9415
45,left.csv,782,0.9446
45,right.csv,782,0.9474
45,top.csv,782,0.9482
0,bottom.csv,784,0.8183
0,left.csv,784,0.8153
0,right.csv,784,0.8188
0,top.csv,784,0.8123
45,bottom.csv,784,0.9469
45,left.csv,784,0.9499
45,right.csv,784,0.9522
45,top.csv,784,0.9531
0,bottom.csv,786,0.8217
0,left.csv,786,0.8209
0,right.csv,786,0.8238
0,top.csv,786,0.8163
45,bottom.csv,786,0.952
45,left.csv,786,0.9543
45,right.csv,786,0.9564
45,top.csv,786,0.9571
0,bottom.csv,788,0.8273
0,left.csv,788,0.8286
0,right.csv,788,0.8312
0,top.csv,788,0.8228
45,bottom.csv,788,0.9561
45,left.csv,788,0.958
45,right.csv,788,0.9598
45,top.csv,788,0.9605
0,bottom.csv,790,0.8355
0,left.csv,790,0.8386
0,right.csv,790,0.8405
0,top.csv,790,0.8312
45,bottom.csv,790,0.9594
45,left.csv,790,0.9607
45,right.csv,790,0.9623
45,top.csv,790,0.9632
0,bottom.csv,792,0.8455
0,left.csv,792,0.8503
0,right.csv,792,0.8518
0,top.csv,792,0.8418
45,bottom.csv,792,0.9622
45,left.csv,792,0.9625
45,right.csv,792,0.9642
45,top.csv,792,0.965
0,bottom.csv,794,0.8571
0,left.csv,794,0.8634
0,right.csv,794,0.8646
0,top.csv,794,0.8542
45,bottom.csv,794,0.9639
45,left.csv,794,0.9636
45,right.csv,794,0.9651
45,top.csv,794,0.9655
0,bottom.csv,796,0.8701
0,left.csv,796,0.8773
0,right.csv,796,0.8779
0,top.csv,796,0.8678
45,bottom.csv,796,0.965
45,left.csv,796,0.9637
45,right.csv,796,0.9652
45,top.csv,796,0.9653
0,bottom.csv,798,0.8837
0,left.csv,798,0.8918
0,right.csv,798,0.8919
0,top.csv,798,0.8821
45,bottom.csv,798,0.965
45,left.csv,798,0.9628
45,right.csv,798,0.9643
45,top.csv,798,0.9643
0,bottom.csv,800,0.898
0,left.csv,800,0.9061
0,right.csv,800,0.9057
0,top.csv,800,0.8966
45,bottom.csv,800,0.9638
45,left.csv,800,0.9615
45,right.csv,800,0.9623
45,top.csv,800,0.9627
0,bottom.csv,802,0.9113
0,left.csv,802,0.919
0,right.csv,802,0.9188
0,top.csv,802,0.9107
45,bottom.csv,802,0.9622
45,left.csv,802,0.9596
45,right.csv,802,0.9605
45,top.csv,802,0.9606
0,bottom.csv,804,0.9236
0,left.csv,804,0.9304
0,right.csv,804,0.9302
0,top.csv,804,0.9232
45,bottom.csv,804,0.9599
45,left.csv,804,0.9569
45,right.csv,804,0.9579
45,top.csv,804,0.9575
0,bottom.csv,806,0.9341
0,left.csv,806,0.9399
0,right.csv,806,0.9395
0,top.csv,806,0.9344
45,bottom.csv,806,0.9574
45,left.csv,806,0.9538
45,right.csv,806,0.9544
45,top.csv,806,0.9545
0,bottom.csv,808,0.9425
0,left.csv,808,0.9459
0,right.csv,808,0.9461
0,top.csv,808,0.943
45,bottom.csv,808,0.9544
45,left.csv,808,0.9507
45,right.csv,808,0.9512
45,top.csv,808,0.9509
0,bottom.csv,810,0.9477
0,left.csv,810,0.9489
0,right.csv,810,0.9502
0,top.csv,810,0.948
45,bottom.csv,810,0.9511
45,left.csv,810,0.9464
45,right.csv,810,0.9476
45,top.csv,810,0.9471
0,bottom.csv,812,0.9502
0,left.csv,812,0.9498
0,right.csv,812,0.951
0,top.csv,812,0.951
45,bottom.csv,812,0.9474
45,left.csv,812,0.9425
45,right.csv,812,0.9441
45,top.csv,812,0.944
0,bottom.csv,814,0.9496
0,left.csv,814,0.9467
0,right.csv,814,0.9486
0,top.csv,814,0.9505
45,bottom.csv,814,0.944
45,left.csv,814,0.9392
45,right.csv,814,0.941
45,top.csv,814,0.941
0,bottom.csv,816,0.9463
0,left.csv,816,0.9409
0,right.csv,816,0.9432
0,top.csv,816,0.9468
45,bottom.csv,816,0.941
45,left.csv,816,0.9363
45,right.csv,816,0.9379
45,top.csv,816,0.9379
0,bottom.csv,818,0.9402
0,left.csv,818,0.9323
0,right.csv,818,0.935
0,top.csv,818,0.9402
45,bottom.csv,818,0.9382
45,left.csv,818,0.934
45,right.csv,818,0.9359
45,top.csv,818,0.9355
0,bottom.csv,820,0.9312
0,left.csv,820,0.9219
0,right.csv,820,0.9252
0,top.csv,820,0.9312
45,bottom.csv,820,0.9357
45,left.csv,820,0.932
45,right.csv,820,0.9338
45,top.csv,820,0.9334
0,bottom.csv,822,0.9204
0,left.csv,822,0.91
0,right.csv,822,0.9136
0,top.csv,822,0.9197
45,bottom.csv,822,0.9337
45,left.csv,822,0.9299
45,right.csv,822,0.9325
45,top.csv,822,0.9326
0,bottom.csv,824,0.9085
0,left.csv,824,0.8969
0,right.csv,824,0.9005
0,top.csv,824,0.9074
45,bottom.csv,824,0.9322
45,left.csv,824,0.929
45,right.csv,824,0.9312
45,top.csv,824,0.9317
0,bottom.csv,826,0.8951
0,left.csv,826,0.8836
0,right.csv,826,0.8873
0,top.csv,826,0.8943
45,bottom.csv,826,0.9313
45,left.csv,826,0.9285
45,right.csv,826,0.9313
45,top.csv,826,0.9307
0,bottom.csv,828,0.8818
0,left.csv,828,0.8699
0,right.csv,828,0.8744
0,top.csv,828,0.8808
45,bottom.csv,828,0.9311
45,left.csv,828,0.9286
45,right.csv,828,0.9315
45,top.csv,828,0.9315
0,bottom.csv,830,0.8689
0,left.csv,830,0.8571
0,right.csv,830,0.8612
0,top.csv,830,0.8675
45,bottom.csv,830,0.9313
45,left.csv,830,0.9295
45,right.csv,830,0.9328
45,top.csv,830,0.9321
0,bottom.csv,832,0.856
0,left.csv,832,0.8447
0,right.csv,832,0.8491
0,top.csv,832,0.8543
45,bottom.csv,832,0.9323
45,left.csv,832,0.9308
45,right.csv,832,0.9343
45,top.csv,832,0.9341
0,bottom.csv,834,0.8447
0,left.csv,834,0.8342
0,right.csv,834,0.8381
0,top.csv,834,0.8428
45,bottom.csv,834,0.9336
45,left.csv,834,0.9327
45,right.csv,834,0.9361
45,top.csv,834,0.9362
0,bottom.csv,836,0.8338
0,left.csv,836,0.8253
0,right.csv,836,0.8285
0,top.csv,836,0.832
45,bottom.csv,836,0.9357
45,left.csv,836,0.9349
45,right.csv,836,0.9381
45,top.csv,836,0.9384
0,bottom.csv,838,0.8247
0,left.csv,838,0.8174
0,right.csv,838,0.8205
0,top.csv,838,0.8231
45,bottom.csv,838,0.9381
45,left.csv,838,0.9381
45,right.csv,838,0.9413
45,top.csv,838,0.9413
0,bottom.csv,840,0.8175
0,left.csv,840,0.8108
0,right.csv,840,0.8138
0,top.csv,840,0.8163
45,bottom.csv,840,0.941
45,left.csv,840,0.9411
45,right.csv,840,0.9444
45,top.csv,840,0.9443
0,bottom.csv,842,0.8114
0,left.csv,842,0.8062
0,right.csv,842,0.809
0,top.csv,842,0.8101
45,bottom.csv,842,0.944
45,left.csv,842,0.9436
45,right.csv,842,0.9477
45,top.csv,842,0.9476
0,bottom.csv,844,0.8074
0,left.csv,844,0.8037
0,right.csv,844,0.8061
0,top.csv,844,0.8057
45,bottom.csv,844,0.9476
45,left.csv,844,0.9469
45,right.csv,844,0.9506
45,top.csv,844,0.9505
0,bottom.csv,846,0.8045
0,left.csv,846,0.8034
0,right.csv,846,0.8051
0,top.csv,846,0.8038
45,bottom.csv,846,0.9504
45,left.csv,846,0.951
45,right.csv,846,0.9545
45,top.csv,846,0.9543
0,bottom.csv,848,0.8052
0,left.csv,848,0.8043
0,right.csv,848,0.8055
0,top.csv,848,0.8038
45,bottom.csv,848,0.9545
45,left.csv,848,0.9553
45,right.csv,848,0.958
45,top.csv,848,0.9578
0,bottom.csv,850,0.806
0,left.csv,850,0.807
0,right.csv,850,0.8078
0,top.csv,850,0.8049
45,bottom.csv,850,0.9578
45,left.csv,850,0.9585
45,right.csv,850,0.9607
45,top.csv,850,0.9617
0,bottom.csv,852,0.8091
0,left.csv,852,0.8112
0,right.csv,852,0.8116
0,top.csv,852,0.8078
45,bottom.csv,852,0.9604
45,left.csv,852,0.9613
45,right.csv,852,0.9639
45,top.csv,852,0.9643
0,bottom.csv,854,0.8128
0,left.csv,854,0.8172
0,right.csv,854,0.8169
0,top.csv,854,0.8126
45,bottom.csv,854,0.9642
45,left.csv,854,0.9642
45,right.csv,854,0.9671
45,top.csv,854,0.9666
0,bottom.csv,856,0.8193
0,left.csv,856,0.8249
0,right.csv,856,0.8241
0,top.csv,856,0.8181
45,bottom.csv,856,0.9678
45,left.csv,856,0.9674
45,right.csv,856,0.9706
45,top.csv,856,0.9699
0,bottom.csv,858,0.8261
0,left.csv,858,0.8318
0,right.csv,858,0.8314
0,top.csv,858,0.8255
45,bottom.csv,858,0.9695
45,left.csv,858,0.9693
45,right.csv,858,0.972
45,top.csv,858,0.9713
0,bottom.csv,860,0.8342
0,left.csv,860,0.841
0,right.csv,860,0.8403
0,top.csv,860,0.8347
45,bottom.csv,860,0.972
45,left.csv,860,0.9724
45,right.csv,860,0.9737
45,top.csv,860,0.9735
0,bottom.csv,862,0.8435
0,left.csv,862,0.8513
0,right.csv,862,0.8492
0,top.csv,862,0.8426
45,bottom.csv,862,0.9744
45,left.csv,862,0.9736
45,right.csv,862,0.9755
45,top.csv,862,0.973
0,bottom.csv,864,0.8523
0,left.csv,864,0.8612
0,right.csv,864,0.8583
0,top.csv,864,0.8537
45,bottom.csv,864,0.9735
45,left.csv,864,0.9747
45,right.csv,864,0.9757
45,top.csv,864,0.975
0,bottom.csv,866,0.8628
0,left.csv,866,0.8708
0,right.csv,866,0.8672
0,top.csv,866,0.8636
45,bottom.csv,866,0.9739
45,left.csv,866,0.9737
45,right.csv,866,0.9747
45,top.csv,866,0.9758
0,bottom.csv,868,0.8724
0,left.csv,868,0.8813
0,right.csv,868,0.8798
0,top.csv,868,0.8742
45,bottom.csv,868,0.9751
45,left.csv,868,0.9726
45,right.csv,868,0.974
45,top.csv,868,0.9738
0,bottom.csv,870,0.8825
0,left.csv,870,0.8902
0,right.csv,870,0.889
0,top.csv,870,0.8839
45,bottom.csv,870,0.9765
45,left.csv,870,0.9735
45,right.csv,870,0.9741
45,top.csv,870,0.9733
0,bottom.csv,872,0.8911
0,left.csv,872,0.8992
0,right.csv,872,0.8979
0,top.csv,872,0.8929
45,bottom.csv,872,0.9748
45,left.csv,872,0.9712
45,right.csv,872,0.9725
45,top.csv,872,0.9732
0,bottom.csv,874,0.9011
0,left.csv,874,0.9085
0,right.csv,874,0.9076
0,top.csv,874,0.9007
45,bottom.csv,874,0.9733
45,left.csv,874,0.9716
45,right.csv,874,0.9703
45,top.csv,874,0.971
0,bottom.csv,876,0.9098
0,left.csv,876,0.9131
0,right.csv,876,0.9119
0,top.csv,876,0.9083
45,bottom.csv,876,0.9732
45,left.csv,876,0.9683
45,right.csv,876,0.9692
45,top.csv,876,0.9688
0,bottom.csv,878,0.9153
0,left.csv,878,0.9218
0,right.csv,878,0.9179
0,top.csv,878,0.9143
45,bottom.csv,878,0.9694
45,left.csv,878,0.9674
45,right.csv,878,0.9641
45,top.csv,878,0.9672
0,bottom.csv,880,0.923
0,left.csv,880,0.9239
0,right.csv,880,0.9257
0,top.csv,880,0.9203
45,bottom.csv,880,0.9665
45,left.csv,880,0.9643
45,right.csv,880,0.9637
45,top.csv,880,0.964
0,bottom.csv,882,0.9243
0,left.csv,882,0.9301
0,right.csv,882,0.9251
0,top.csv,882,0.9265
45,bottom.csv,882,0.9647
45,left.csv,882,0.9656
45,right.csv,882,0.9615
45,top.csv,882,0.9596
0,bottom.csv,884,0.9298
0,left.csv,884,0.9297
0,right.csv,884,0.924
0,top.csv,884,0.929
45,bottom.csv,884,0.9614
45,left.csv,884,0.9613
45,right.csv,884,0.9605
45,top.csv,884,0.9585
0,bottom.csv,886,0.9297
0,left.csv,886,0.9283
0,right.csv,886,0.9287
0,top.csv,886,0.9274
45,bottom.csv,886,0.9592
45,left.csv,886,0.9582
45,right.csv,886,0.9593
45,top.csv,886,0.9591
0,bottom.csv,888,0.9273
0,left.csv,888,0.9253
0,right.csv,888,0.9247
0,top.csv,888,0.9276
45,bottom.csv,888,0.9601
45,left.csv,888,0.9537
45,right.csv,888,0.9537
45,top.csv,888,0.9558
0,bottom.csv,890,0.9235
0,left.csv,890,0.9189
0,right.csv,890,0.9211
0,top.csv,890,0.9208
45,bottom.csv,890,0.9554
45,left.csv,890,0.9523
45,right.csv,890,0.9507
45,top.csv,890,0.9503
0,bottom.csv,892,0.9212
0,left.csv,892,0.9168
0,right.csv,892,0.9175
0,top.csv,892,0.9201
45,bottom.csv,892,0.9521
45,left.csv,892,0.9471
45,right.csv,892,0.9496
45,top.csv,892,0.9508
0,bottom.csv,894,0.9168
0,left.csv,894,0.9133
0,right.csv,894,0.9141
0,top.csv,894,0.9156
45,bottom.csv,894,0.9474
45,left.csv,894,0.9447
45,right.csv,894,0.9483
45,top.csv,894,0.9493
0,bottom.csv,896,0.9186
0,left.csv,896,0.9037
0,right.csv,896,0.9109
0,top.csv,896,0.9064
45,bottom.csv,896,0.9449
45,left.csv,896,0.9488
45,right.csv,896,0.9464
45,top.csv,896,0.9453
0,bottom.csv,898,0.9088
0,left.csv,898,0.901
0,right.csv,898,0.9
0,top.csv,898,0.901
45,bottom.csv,898,0.95
45,left.csv,898,0.9444
45,right.csv,898,0.9435
45,top.csv,898,0.9391
0,bottom.csv,900,0.8981
0,left.csv,900,0.8925
0,right.csv,900,0.8941
0,top.csv,900,0.8962
45,bottom.csv,900,0.9451
45,left.csv,900,0.9453
45,right.csv,900,0.9448
45,top.csv,900,0.9452
